Vertebrates.databaseHost=ensembldb.ensembl.org
Vertebrates.databasePort=3306
Vertebrates.sequence_url=ftp://ftp.ensembl.org/pub/release-78/fasta/
Vertebrates.regulation_url=ftp://ftp.ensembl.org/pub/release-78/regulation/
Vertebrates.Homo_sapiens.GRCh37_p13.database=homo_sapiens_core_75_37
Vertebrates.Homo_sapiens.GRCh37_p13.sequence_url=ftp://ftp.ensembl.org/pub/release-75/fasta/
Vertebrates.Homo_sapiens.GRCh37_p13.variation_url=ftp://ftp.ensembl.org/pub/release-75/mysql/homo_sapiens_variation_75_37/
Vertebrates.Homo_sapiens.GRCh37_p13.regulation_url=ftp://ftp.ensembl.org/pub/release-75/regulation/
Vertebrates.Homo_sapiens_GRCh38.GRCh38.database=homo_sapiens_core_78_38
Vertebrates.Homo_sapiens_GRCh38.GRCh38.variation_url=ftp://ftp.ensembl.org/pub/release-78/mysql/homo_sapiens_variation_78_38/
Vertebrates.Mus_musculus.GRCm38_p3.database=mus_musculus_core_78_38
Vertebrates.Mus_musculus.GRCm38_p3.variation_url=ftp://ftp.ensembl.org/pub/release-78/mysql/mus_musculus_variation_78_38/
Vertebrates.Danio_rerio.Zv9.database=danio_rerio_core_78_9
Vertebrates.Danio_rerio.Zv9.variation_url=ftp://ftp.ensembl.org/pub/release-78/mysql/danio_rerio_variation_78_9/
Vertebrates.Rattus_norvegicus.Rnor_5_0.database=rattus_norvegicus_core_78_5
Vertebrates.Rattus_norvegicus.Rnor_5_0.variation_url=ftp://ftp.ensembl.org/pub/release-78/mysql/rattus_norvegicus_variation_78_5/
Vertebrates.Pan_troglodytes.CHIMP2_1_4.database=pan_troglodytes_core_78_214
Vertebrates.Pan_troglodytes.CHIMP2_1_4.variation_url=ftp://ftp.ensembl.org/pub/release-78/mysql/pan_troglodytes_variation_78_214/
Vertebrates.Gorilla_gorilla.gorGor3_1.database=gorilla_gorilla_core_78_31
Vertebrates.Pongo_abelii.PPYG2.database=pongo_abelii_core_78_1
Vertebrates.Pongo_abelii.PPYG2.variation_url=ftp://ftp.ensembl.org/pub/release-78/mysql/pongo_abelii_variation_78_1/
Vertebrates.Macaca_mulatta.MMUL_1_0.database=macaca_mulatta_core_78_10
Vertebrates.Macaca_mulatta.MMUL_1_0.variation_url=ftp://ftp.ensembl.org/pub/release-78/mysql/macaca_mulatta_variation_78_10/
Vertebrates.Chlorocebus_sabaeus.ChlSab1_1.database=chlorocebus_sabaeus_core_78_1
Vertebrates.Sus_scrofa.Sscrofa10_2.database=sus_scrofa_core_78_102
Vertebrates.Sus_scrofa.Sscrofa10_2.variation_url=ftp://ftp.ensembl.org/pub/release-78/mysql/sus_scrofa_variation_78_102/
Vertebrates.Canis_familiaris.CanFam3_1.database=canis_familiaris_core_78_31
Vertebrates.Canis_familiaris.CanFam3_1.variation_url=ftp://ftp.ensembl.org/pub/release-78/mysql/canis_familiaris_variation_78_31/
Vertebrates.Equus_caballus.EquCab2.database=equus_caballus_core_78_2
Vertebrates.Equus_caballus.EquCab2.variation_url=ftp://ftp.ensembl.org/pub/release-78/mysql/equus_caballus_variation_78_2/
Vertebrates.Oryctolagus_cuniculus.oryCun2_0.database=oryctolagus_cuniculus_core_78_2
Vertebrates.Gallus_gallus.Galgal4.database=gallus_gallus_core_78_4
Vertebrates.Gallus_gallus.Galgal4.variation_url=ftp://ftp.ensembl.org/pub/release-78/mysql/gallus_gallus_variation_78_4/
Vertebrates.Bos_taurus.UMD3_1.database=bos_taurus_core_78_31
Vertebrates.Bos_taurus.UMD3_1.variation_url=ftp://ftp.ensembl.org/pub/release-78/mysql/bos_taurus_variation_78_31/
Vertebrates.Felis_catus.Felis_catus_6_2.database=felis_catus_core_78_62
Vertebrates.Felis_catus.Felis_catus_6_2.variation_url=ftp://ftp.ensembl.org/pub/release-78/mysql/felis_catus_variation_78_62/
Vertebrates.Ciona_intestinalis.KH.database=ciona_intestinalis_core_78_3
Vertebrates.Ovis_aries.Oar_v3_1.database=ovis_aries_core_78_31
Vertebrates.Ovis_aries.Oar_v3_1.variation_url=ftp://ftp.ensembl.org/pub/release-78/mysql/ovis_aries_variation_78_31/
Vertebrates.Oryzias_latipes.HdrR.database=oryzias_latipes_core_78_1
Vertebrates.Tursiops_truncatus.turTru1.database=tursiops_truncatus_core_78_1
Vertebrates.Loxodonta_africana.Loxafr3_0.database=loxodonta_africana_core_78_3
Vertebrates.Callithrix_jacchus.C_jacchus3_2_1.database=callithrix_jacchus_core_78_321
Vertebrates.Nomascus_leucogenys.Nleu1_0.database=nomascus_leucogenys_core_78_1
Vertebrates.Anas_platyrhynchos.BGI_duck_1_0.database=anas_platyrhynchos_core_78_1
Vertebrates.Ficedula_albicollis.FicAlb_1_4.database=ficedula_albicollis_core_78_1
Metazoa.databaseHost=mysql-eg-publicsql.ebi.ac.uk
Metazoa.databasePort=4157
Metazoa.sequence_url=ftp://ftp.ensemblgenomes.org/pub/release-24/metazoa/fasta/
Metazoa.Caenorhabditis_elegans.WBcel240.database=caenorhabditis_elegans_core_24_77_240
Metazoa.Drosophila_melanogaster.BDGP5.database=drosophila_melanogaster_core_24_77_546
Metazoa.Drosophila_melanogaster.BDGP5.variation_url=ftp://ftp.ensemblgenomes.org/pub/release-24/metazoa/mysql/drosophila_melanogaster_variation_24_77_546/
Metazoa.Drosophila_simulans.WUGSC1.database=drosophila_simulans_core_24_77_14
Metazoa.Drosophila_yakuba.dyak_r1_3.database=drosophila_yakuba_core_24_77_13
Metazoa.Anopheles_gambiae.AgamP4.database=anopheles_gambiae_core_24_77_4
Metazoa.Anopheles_gambiae.AgamP4.variation_url=ftp://ftp.ensemblgenomes.org/pub/release-24/metazoa/mysql/anopheles_gambiae_variation_24_77_4/
Metazoa.Anopheles_darlingi.AdarC1.database=anopheles_darlingi_core_24_77_1
Metazoa.Nematostella_vectensis.ASM20922v1.database=nematostella_vectensis_core_24_77_1
Metazoa.Strongylocentrotus_purpuratus.GCA_000002235_2.database=strongylocentrotus_purpuratus_core_24_77_3
Metazoa.Bombyx_mori.Bmor1.database=bombyx_mori_core_24_77_1
Metazoa.Aedes_aegypti.AaegL3.database=aedes_aegypti_core_24_77_3
Metazoa.Acyrthosiphon_pisum.GCA_000142985_2.database=acyrthosiphon_pisum_core_24_77_2
Fungi.databaseHost=mysql-eg-publicsql.ebi.ac.uk
Fungi.databasePort=4157
Fungi.sequence_url=ftp://ftp.ensemblgenomes.org/pub/release-24/fungi/fasta/
Fungi.Saccharomyces_cerevisiae.R64-1-1.database=
Fungi.Saccharomyces_cerevisiae.R64-1-1.variation_url=ftp://ftp.ensemblgenomes.org/pub/release-24/fungi/mysql/saccharomyces_cerevisiae_variation_24_77_4/
Fungi.Schizosaccharomyces_pombe.ASM294v2.database=schizosaccharomyces_pombe_core_24_77_2
Fungi.Aspergillus_fumigatus.CADRE.database=aspergillus_fumigatus_core_24_77_2
Fungi.Aspergillus_niger.CADRE.database=aspergillus_niger_core_24_77_1
Fungi.Aspergillus_nidulans.ASM1142v1.database=aspergillus_nidulans_core_24_77_6
Fungi.Aspergillus_oryzae.CADRE2.database=aspergillus_oryzae_core_24_77_2
Fungi.Fusarium_oxysporum.FO2.database=fusarium_oxysporum_core_24_77_2
Fungi.Puccinia_graminis.ASM14992v1.database=puccinia_graminis_core_24_77_1
Fungi.Puccinia_triticina.ASM15152v1.database=puccinia_triticina_core_24_77_1
Fungi.Magnaporthe_oryzae.MG8.database=magnaporthe_oryzae_core_24_77_8
Fungi.Ustilago_maydis.UM1.database=ustilago_maydis_core_24_77_1
Fungi.Sclerotinia_sclerotiorum.ASM14694v1.database=sclerotinia_sclerotiorum_core_24_77_1
Fungi.Cryptococcus_neoformans.GCA_000091045_1.database=cryptococcus_neoformans_core_24_77_1
Fungi.Zymoseptoria_tritici.MG2.database=zymoseptoria_tritici_core_24_77_2
Protist.databaseHost=mysql-eg-publicsql.ebi.ac.uk
Protist.databasePort=4157
Protist.sequence_url=ftp://ftp.ensemblgenomes.org/pub/release-24/protists/fasta/
Protist.Plasmodium_falciparum.ASM276v1.database=plasmodium_falciparum_core_24_77_3
Protist.Plasmodium_falciparum.ASM276v1.variation_url=ftp://ftp.ensemblgenomes.org/pub/release-24/protists/mysql/plasmodium_falciparum_variation_24_77_3/
Protist.Leishmania_major.ASM272v2.database=leishmania_major_core_24_77_2
Protist.Dictyostelium_discoideum.dictybase_01.database=dictyostelium_discoideum_core_24_77_1
Protist.Phytophthora_infestans.ASM14294v1.database=phytophthora_infestans_core_24_77_1
Protist.Giardia_lamblia.GCA_000002435_1.database=giardia_lamblia_core_24_77_1
Protist.Pythium_ultimum.pug.database=pythium_ultimum_core_24_77_1
Protist.Albugo_laibachii.ENA1.database=albugo_laibachii_core_24_77_1
Plants.databaseHost=mysql-eg-publicsql.ebi.ac.uk
Plants.databasePort=4157
Plants.sequence_url=ftp://ftp.ensemblgenomes.org/pub/release-24/plants/fasta/
Plants.Arabidopsis_thaliana.TAIR10.database=arabidopsis_thaliana_core_24_77_10
Plants.Arabidopsis_thaliana.TAIR10.variation_url=ftp://ftp.ensemblgenomes.org/pub/release-24/plants/mysql/arabidopsis_thaliana_variation_24_77_10/
Plants.Arabidopsis_lyrata.v_1_0.database=arabidopsis_lyrata_core_24_77_10
Plants.Brachypodium_distachyon.v1_0.database=brachypodium_distachyon_core_24_77_12
Plants.Oryza_sativa.IRGSP-1_0.database=oryza_sativa_core_24_77_7
Plants.Glycine_max.V1_0.database=glycine_max_core_24_77_1
Plants.Vitis_vinifera.IGGP_12x.database=vitis_vinifera_core_24_77_3
Plants.Vitis_vinifera.IGGP_12x.variation_url=ftp://ftp.ensemblgenomes.org/pub/release-24/plants/mysql/vitis_vinifera_variation_24_77_3/
Plants.Zea_mays.AGPv3.database=zea_mays_core_24_77_6
Plants.Zea_mays.AGPv3.variation_url=ftp://ftp.ensemblgenomes.org/pub/release-24/plants/mysql/zea_mays_variation_24_77_6/
Plants.Hordeum_vulgare.030312v2.database=hordeum_vulgare_core_24_77_2
Plants.Musa_acuminata.MA1.database=musa_acuminata_core_24_77_1
Plants.Sorghum_bicolor.Sorbi1.database=sorghum_bicolor_core_24_77_14
Plants.Setaria_italica.JGIv2_0.database=setaria_italica_core_24_77_21
Plants.Triticum_aestivum.IWGSP1.database=triticum_aestivum_core_24_77_1
Plants.Brassica_rapa.IVFCAASv1.database=brassica_rapa_core_24_77_1
Plants.Populus_trichocarpa.JGI2_0.database=populus_trichocarpa_core_24_77_20
Plants.Solanum_lycopersicum.SL2_40.database=solanum_lycopersicum_core_24_77_240
Plants.Solanum_lycopersicum.SL2_40.variation_url=ftp://ftp.ensemblgenomes.org/pub/plants/release-24/mysql/solanum_lycopersicum_variation_24_77_240/
Plants.Solanum_tuberosum.3_0.database=solanum_tuberosum_core_24_77_4
Plants.Selaginella_moellendorffii.v1_0.database=selaginella_moellendorffii_core_24_77_1
Plants.Chlamydomonas_reinhardtii.v3_0.database=chlamydomonas_reinhardtii_core_24_77_1
Plants.Cyanidioschyzon_merolae.ASM9120v1.database=cyanidioschyzon_merolae_core_24_77_1
